Gene Set	Score	0.95 MoE	P-Value	FDR
Hippo Pathway Genes	-0.4632463506473213	0.2517810391517085	0.1	0.1
