Gene Set	C_1_tpm	C_2_tpm	C_3_tpm	VS_1_tpm	VS_2_tpm	VS_3_tpm
Hippo Pathway Genes	10748.428329260767	10495.135243959463	10598.567537578023	10493.963591312593	10539.150437584092	10209.573027305963
