Gene Set	Score	0.95 MoE	P-Value	FDR
Zhao_et_al_2008_YAP_UP	-0.34424963189008073	0.18608917928336913	0.1	0.1
