Gene Set	C_1_tpm	C_2_tpm	C_3_tpm	VS_1_tpm	VS_2_tpm	VS_3_tpm
Zhao_et_al_2008_YAP_UP	10174.451725747125	9765.66843040693	9373.406717727781	9551.249608655462	9581.03070988584	9681.18118762858
